{
  "1": [
    [-87.91363, 41.65022]
  ],
  "25": [
    [-87.91363, 41.65022],
    [-87.91363, 41.74022], 
    [-87.91363, 41.83022],
    [-87.91363, 41.92022], 
    [-87.91363, 42.01022],
    [-87.82363, 41.65022], 
    [-87.82363, 41.74022],
    [-87.82363, 41.83022], 
    [-87.82363, 41.92022],
    [-87.82363, 42.01022], 
    [-87.73363, 41.65022],
    [-87.73363, 41.74022], 
    [-87.73363, 41.83022],
    [-87.73363, 41.92022], 
    [-87.73363, 42.01022],
    [-87.64363, 41.65022], 
    [-87.64363, 41.74022],
    [-87.64363, 41.83022], 
    [-87.64363, 41.92022],
    [-87.64363, 42.01022], 
    [-87.55363, 41.65022],
    [-87.55363, 41.74022], 
    [-87.55363, 41.83022],
    [-87.55363, 41.92022], 
    [-87.55363, 42.01022]
  ],
  "36": [
    [-87.91363, 41.65022],
    [-87.91363, 41.72022],
    [-87.91363, 41.79022],
    [-87.91363, 41.86022],
    [-87.91363, 41.93022],
    [-87.91363, 42.00022],
    [-87.84363, 41.65022],
    [-87.84363, 41.72022],
    [-87.84363, 41.79022],
    [-87.84363, 41.86022],
    [-87.84363, 41.93022],
    [-87.84363, 42.00022],
    [-87.77363, 41.65022],
    [-87.77363, 41.72022],
    [-87.77363, 41.79022],
    [-87.77363, 41.86022],
    [-87.77363, 41.93022],
    [-87.77363, 42.00022],
    [-87.70363, 41.65022],
    [-87.70363, 41.72022],
    [-87.70363, 41.79022],
    [-87.70363, 41.86022],
    [-87.70363, 41.93022],
    [-87.70363, 42.00022],
    [-87.63363, 41.65022],
    [-87.63363, 41.72022],
    [-87.63363, 41.79022],
    [-87.63363, 41.86022],
    [-87.63363, 41.93022],
    [-87.63363, 42.00022],
    [-87.56363, 41.65022],
    [-87.56363, 41.72022],
    [-87.56363, 41.79022],
    [-87.56363, 41.86022],
    [-87.56363, 41.93022],
    [-87.56363, 42.00022]
  ],
  "49": [
    [-87.91363, 41.65022],
    [-87.91363, 41.71022],
    [-87.91363, 41.77022],
    [-87.91363, 41.83022],
    [-87.91363, 41.89022],
    [-87.91363, 41.95022],
    [-87.91363, 42.01022],
    [-87.85363, 41.65022],
    [-87.85363, 41.71022],
    [-87.85363, 41.77022],
    [-87.85363, 41.83022],
    [-87.85363, 41.89022],
    [-87.85363, 41.95022],
    [-87.85363, 42.01022],
    [-87.79363, 41.65022],
    [-87.79363, 41.71022],
    [-87.79363, 41.77022],
    [-87.79363, 41.83022],
    [-87.79363, 41.89022],
    [-87.79363, 41.95022],
    [-87.79363, 42.01022],
    [-87.73363, 41.65022],
    [-87.73363, 41.71022],
    [-87.73363, 41.77022],
    [-87.73363, 41.83022],
    [-87.73363, 41.89022],
    [-87.73363, 41.95022],
    [-87.73363, 42.01022],
    [-87.67363, 41.65022],
    [-87.67363, 41.71022],
    [-87.67363, 41.77022],
    [-87.67363, 41.83022],
    [-87.67363, 41.89022],
    [-87.67363, 41.95022],
    [-87.67363, 42.01022],
    [-87.61363, 41.65022],
    [-87.61363, 41.71022],
    [-87.61363, 41.77022],
    [-87.61363, 41.83022],
    [-87.61363, 41.89022],
    [-87.61363, 41.95022],
    [-87.61363, 42.01022],
    [-87.55363, 41.65022],
    [-87.55363, 41.71022],
    [-87.55363, 41.77022],
    [-87.55363, 41.83022],
    [-87.55363, 41.89022],
    [-87.55363, 41.95022],
    [-87.55363, 42.01022]
  ]
}